{"min": [-0.569718, -0.86601, -0.457738], "max": [0.559709, 0.757541, 0.489397]}